epc,FirstSeenTime,LastSeenTime,Channel,PeakRSSI,PhaseAngle,DopplerFreq
FFFF FFFF FFFF FFFF FFFF FFFF,1487237123918242,0,920.625,-57.5,0.497009775274948,-12.1875
FFFF FFFF FFFF FFFF FFFF FFFF,1487237123931229,0,920.625,-57.5,0.460194236365692,4.875
FFFF FFFF FFFF FFFF FFFF FFFF,1487237123942083,0,920.625,-57.5,0.533825314184203,-23.5625
FFFF FFFF FFFF FFFF FFFF FFFF,1487237123952653,0,920.625,-57,0.552233083638831,-34.125
FFFF FFFF FFFF FFFF FFFF FFFF,1487237123964122,0,920.625,-57.5,0.582912699396544,-23.5625
FFFF FFFF FFFF FFFF FFFF FFFF,1487237123976321,0,920.625,-57,0.509281621578033,-10.5625
FFFF FFFF FFFF FFFF FFFF FFFF,1487237123989148,0,920.625,-57,0.552233083638831,-21.125
FFFF FFFF FFFF FFFF FFFF FFFF,1487237123998933,0,920.625,-57.5,0.484737928971863,4.875
FFFF FFFF FFFF FFFF FFFF FFFF,1487237124007706,0,920.625,-57.5,0.47860200582032,1.625
FFFF FFFF FFFF FFFF FFFF FFFF,1487237124020995,0,920.625,-57,0.490873852123405,-8.9375
FFFF FFFF FFFF FFFF FFFF FFFF,1487237124029527,0,920.625,-57,0.45405831321415,4.875
FFFF FFFF FFFF FFFF FFFF FFFF,1487237124045499,0,920.625,-57,0.466330159517235,8.9375
FFFF FFFF FFFF FFFF FFFF FFFF,1487237124053349,0,920.625,-57,0.515417544729575,-19.5
FFFF FFFF FFFF FFFF FFFF FFFF,1487237124066238,0,920.625,-57.5,0.50314569842649,-19.5
FFFF FFFF FFFF FFFF FFFF FFFF,1487237124078027,0,920.625,-57.5,0.484737928971863,-4.875
FFFF FFFF FFFF FFFF FFFF FFFF,1487237124088522,0,920.625,-57,0.466330159517235,-1.625
FFFF FFFF FFFF FFFF FFFF FFFF,1487237124099231,0,920.625,-57.5,0.509281621578033,-17.875
FFFF FFFF FFFF FFFF FFFF FFFF,1487237124109663,0,920.625,-57,0.423378697456437,13
FFFF FFFF FFFF FFFF FFFF FFFF,1487237124123453,0,920.625,-57,0.447922390062607,3.25
FFFF FFFF FFFF FFFF FFFF FFFF,1487237124132745,0,920.625,-57,0.484737928971863,-5.6875
FFFF FFFF FFFF FFFF FFFF FFFF,1487237124143767,0,920.625,-57,0.447922390062607,-12.1875
FFFF FFFF FFFF FFFF FFFF FFFF,1487237124157767,0,920.625,-57,0.257708772364788,57.75
FFFF FFFF FFFF FFFF FFFF FFFF,1487237124168804,0,920.625,-57.5,0.47860200582032,-5.6875
FFFF FFFF FFFF FFFF FFFF FFFF,1487237124180668,0,920.625,-57,0.472466082668777,-10.5625
FFFF FFFF FFFF FFFF FFFF FFFF,1487237124192072,0,920.625,-57.5,0.546097160487288,-25.1875
FFFF FFFF FFFF FFFF FFFF FFFF,1487237124199915,0,920.625,-57.5,0.552233083638831,-21.125
FFFF FFFF FFFF FFFF FFFF FFFF,1487237124215492,0,920.625,-57,0.527689391032661,-21.9375
FFFF FFFF FFFF FFFF FFFF FFFF,1487237124222751,0,920.625,-57,0.552233083638831,-30.875
FFFF FFFF FFFF FFFF FFFF FFFF,1487237124236689,0,920.625,-57,0.515417544729575,-17.875
FFFF FFFF FFFF FFFF FFFF FFFF,1487237124245310,0,920.625,-57,0.447922390062607,-1.625
FFFF FFFF FFFF FFFF FFFF FFFF,1487237124256833,0,920.625,-57,0.349747619637926,16.25
FFFF FFFF FFFF FFFF FFFF FFFF,1487237124270385,0,920.625,-57,0.47860200582032,-4.875
FFFF FFFF FFFF FFFF FFFF FFFF,1487237124281599,0,920.625,-57.5,0.484737928971863,-12.1875
FFFF FFFF FFFF FFFF FFFF FFFF,1487237124293211,0,920.625,-57,0.472466082668777,-5.6875
FFFF FFFF FFFF FFFF FFFF FFFF,1487237124305396,0,920.625,-57.5,0.515417544729575,-5.6875
FFFF FFFF FFFF FFFF FFFF FFFF,1487237124316761,0,920.625,-57,0.601320468851171,-43.125
FFFF FFFF FFFF FFFF FFFF FFFF,1487237124328597,0,920.625,-57.5,0.435650543759522,17.875
FFFF FFFF FFFF FFFF FFFF FFFF,1487237124337908,0,920.625,-57,0.447922390062607,12.1875
FFFF FFFF FFFF FFFF FFFF FFFF,1487237124350218,0,920.625,-57.5,0.472466082668777,-3.25
FFFF FFFF FFFF FFFF FFFF FFFF,1487237124359383,0,920.625,-57.5,0.47860200582032,-3.25
FFFF FFFF FFFF FFFF FFFF FFFF,1487237124372228,0,920.625,-57,0.42951462060798,16.25
FFFF FFFF FFFF FFFF FFFF FFFF,1487237124382733,0,920.625,-57.5,0.460194236365692,-12.1875
FFFF FFFF FFFF FFFF FFFF FFFF,1487237124391874,0,920.625,-57.5,0.484737928971863,-1.625
FFFF FFFF FFFF FFFF FFFF FFFF,1487237124404345,0,920.625,-57.5,0.484737928971863,-8.9375
FFFF FFFF FFFF FFFF FFFF FFFF,1487237124413239,0,920.625,-57,0.472466082668777,1.625
FFFF FFFF FFFF FFFF FFFF FFFF,1487237124428979,0,920.625,-57,0.472466082668777,-3.25
FFFF FFFF FFFF FFFF FFFF FFFF,1487237124437130,0,920.625,-57,0.509281621578033,-3.25
FFFF FFFF FFFF FFFF FFFF FFFF,1487237124450486,0,920.625,-57,0.564504929941916,-16.25
FFFF FFFF FFFF FFFF FFFF FFFF,1487237124460674,0,920.625,-57,0.466330159517235,-5.6875
FFFF FFFF FFFF FFFF FFFF FFFF,1487237124472183,0,920.625,-57,0.484737928971863,-4.875
FFFF FFFF FFFF FFFF FFFF FFFF,1487237124483891,0,920.625,-57,0.552233083638831,-14.625
FFFF FFFF FFFF FFFF FFFF FFFF,1487237124495847,0,920.625,-57.5,0.509281621578033,-7.3125
FFFF FFFF FFFF FFFF FFFF FFFF,1487237124504220,0,920.625,-57.5,0.613592315154257,-34.125
FFFF FFFF FFFF FFFF FFFF FFFF,1487237124518187,0,920.625,-57.5,0.521553467881118,-14.625
FFFF FFFF FFFF FFFF FFFF FFFF,1487237124530218,0,920.625,-57.5,0.460194236365692,3.25
FFFF FFFF FFFF FFFF FFFF FFFF,1487237124540107,0,920.625,-57.5,0.374291312244096,32.5
FFFF FFFF FFFF FFFF FFFF FFFF,1487237124550688,0,920.625,-57.5,0.398835004850267,16.25
FFFF FFFF FFFF FFFF FFFF FFFF,1487237124564417,0,920.625,-57,0.521553467881118,-14.625
FFFF FFFF FFFF FFFF FFFF FFFF,1487237124574735,0,920.625,-57.5,0.589048622548086,-30.0625
FFFF FFFF FFFF FFFF FFFF FFFF,1487237124585214,0,920.625,-56.5,0.546097160487288,-10.5625
FFFF FFFF FFFF FFFF FFFF FFFF,1487237124593813,0,920.625,-57.5,0.515417544729575,-1.625
FFFF FFFF FFFF FFFF FFFF FFFF,1487237124607954,0,920.625,-57,0.564504929941916,-10.5625
FFFF FFFF FFFF FFFF FFFF FFFF,1487237124618215,0,920.625,-57.5,0.47860200582032,16.25
FFFF FFFF FFFF FFFF FFFF FFFF,1487237124630878,0,920.625,-58,0.447922390062607,7.3125
FFFF FFFF FFFF FFFF FFFF FFFF,1487237124640547,0,920.625,-57.5,0.546097160487288,4.875
FFFF FFFF FFFF FFFF FFFF FFFF,1487237124653162,0,920.625,-57,0.570640853093458,-21.125
FFFF FFFF FFFF FFFF FFFF FFFF,1487237124664216,0,920.625,-57,0.625864161457342,-23.5625
FFFF FFFF FFFF FFFF FFFF FFFF,1487237124674317,0,920.625,-57.5,0.546097160487288,0
FFFF FFFF FFFF FFFF FFFF FFFF,1487237124686736,0,920.625,-57,0.674951546669682,-39
FFFF FFFF FFFF FFFF FFFF FFFF,1487237124698333,0,920.625,-57,0.45405831321415,21.9375
FFFF FFFF FFFF FFFF FFFF FFFF,1487237124711755,0,920.625,-57.5,0.656543777215054,-39
FFFF FFFF FFFF FFFF FFFF FFFF,1487237124719147,0,920.625,-57,0.497009775274948,7.3125
FFFF FFFF FFFF FFFF FFFF FFFF,1487237124732408,0,920.625,-57,0.619728238305799,-21.9375
FFFF FFFF FFFF FFFF FFFF FFFF,1487237124742497,0,920.625,-57,0.607456392002714,-28.4375
FFFF FFFF FFFF FFFF FFFF FFFF,1487237124753463,0,920.625,-56.5,0.632000084608884,-23.5625
FFFF FFFF FFFF FFFF FFFF FFFF,1487237124767373,0,920.625,-57,0.521553467881118,8.9375
FFFF FFFF FFFF FFFF FFFF FFFF,1487237124778551,0,920.625,-57,0.576776776245001,-4.875
FFFF FFFF FFFF FFFF FFFF FFFF,1487237124789422,0,920.625,-57,0.552233083638831,-4.875
FFFF FFFF FFFF FFFF FFFF FFFF,1487237124800927,0,920.625,-57,0.466330159517235,12.1875
FFFF FFFF FFFF FFFF FFFF FFFF,1487237124811988,0,920.625,-57,0.527689391032661,1.625
FFFF FFFF FFFF FFFF FFFF FFFF,1487237124824289,0,920.625,-57,0.533825314184203,-4.875
FFFF FFFF FFFF FFFF FFFF FFFF,1487237124836279,0,920.625,-57,0.564504929941916,-30.0625
FFFF FFFF FFFF FFFF FFFF FFFF,1487237124844777,0,920.625,-56.5,0.558369006790373,-17.875
FFFF FFFF FFFF FFFF FFFF FFFF,1487237124854671,0,920.625,-56.5,0.472466082668777,10.5625
FFFF FFFF FFFF FFFF FFFF FFFF,1487237124865429,0,920.625,-56.5,0.589048622548086,-21.125
FFFF FFFF FFFF FFFF FFFF FFFF,1487237124878757,0,920.625,-57.5,0.589048622548086,-26.8125
FFFF FFFF FFFF FFFF FFFF FFFF,1487237124892003,0,920.625,-57,0.589048622548086,-21.125
FFFF FFFF FFFF FFFF FFFF FFFF,1487237124902122,0,920.625,-57,0.558369006790373,-8.9375
FFFF FFFF FFFF FFFF FFFF FFFF,1487237124912239,0,920.625,-56.5,0.601320468851171,-14.625
FFFF FFFF FFFF FFFF FFFF FFFF,1487237124925994,0,920.625,-57,0.484737928971863,16.25
FFFF FFFF FFFF FFFF FFFF FFFF,1487237124937546,0,920.625,-57.5,0.539961237335746,1.625
FFFF FFFF FFFF FFFF FFFF FFFF,1487237124945950,0,920.625,-57.5,0.552233083638831,-10.5625
FFFF FFFF FFFF FFFF FFFF FFFF,1487237124958686,0,920.625,-57,0.570640853093458,-13
FFFF FFFF FFFF FFFF FFFF FFFF,1487237124969941,0,920.625,-57,0.589048622548086,-19.5
FFFF FFFF FFFF FFFF FFFF FFFF,1487237124979957,0,920.625,-57.5,0.650407854063512,-23.5625
FFFF FFFF FFFF FFFF FFFF FFFF,1487237124994539,0,920.625,-57,0.638136007760427,-17.875
FFFF FFFF FFFF FFFF FFFF FFFF,1487237125005534,0,920.625,-57.5,0.546097160487288,8.9375
FFFF FFFF FFFF FFFF FFFF FFFF,1487237125012073,0,920.625,-57,0.527689391032661,4.875
FFFF FFFF FFFF FFFF FFFF FFFF,1487237125027273,0,920.625,-57.5,0.582912699396544,-1.625
FFFF FFFF FFFF FFFF FFFF FFFF,1487237125039641,0,920.625,-57,0.601320468851171,-4.875
FFFF FFFF FFFF FFFF FFFF FFFF,1487237125047301,0,920.625,-57,0.674951546669682,-30.875
FFFF FFFF FFFF FFFF FFFF FFFF,1487237125059627,0,920.625,-57,0.515417544729575,23.5625
FFFF FFFF FFFF FFFF FFFF FFFF,1487237125068951,0,920.625,-57,0.644271930911969,-17.875
FFFF FFFF FFFF FFFF FFFF FFFF,1487237125080635,0,920.625,-57.5,0.69335931612431,-19.5
FFFF FFFF FFFF FFFF FFFF FFFF,1487237125094408,0,920.625,-57,0.564504929941916,5.6875
FFFF FFFF FFFF FFFF FFFF FFFF,1487237125104443,0,920.625,-57,0.71790300873048,-28.4375
FFFF FFFF FFFF FFFF FFFF FFFF,1487237125113563,0,920.625,-57,0.638136007760427,-13
FFFF FFFF FFFF FFFF FFFF FFFF,1487237125129554,0,920.625,-57.5,0.619728238305799,-14.625
FFFF FFFF FFFF FFFF FFFF FFFF,1487237125138860,0,920.625,-57,0.607456392002714,5.6875
FFFF FFFF FFFF FFFF FFFF FFFF,1487237125150564,0,920.625,-57,0.607456392002714,-14.625
FFFF FFFF FFFF FFFF FFFF FFFF,1487237125162280,0,920.625,-57.5,0.607456392002714,-13
FFFF FFFF FFFF FFFF FFFF FFFF,1487237125170497,0,920.625,-57,0.607456392002714,-7.3125
FFFF FFFF FFFF FFFF FFFF FFFF,1487237125184450,0,920.625,-57,0.632000084608884,-7.3125
FFFF FFFF FFFF FFFF FFFF FFFF,1487237125194411,0,920.625,-57,0.589048622548086,0
FFFF FFFF FFFF FFFF FFFF FFFF,1487237125205249,0,920.625,-57.5,0.601320468851171,-7.3125
FFFF FFFF FFFF FFFF FFFF FFFF,1487237125219182,0,920.625,-57.5,0.582912699396544,7.3125
FFFF FFFF FFFF FFFF FFFF FFFF,1487237125227643,0,920.625,-57,0.576776776245001,8.9375
FFFF FFFF FFFF FFFF FFFF FFFF,1487237125238256,0,920.625,-57.5,0.533825314184203,5.6875
FFFF FFFF FFFF FFFF FFFF FFFF,1487237125253106,0,920.625,-57.5,0.576776776245001,3.25
FFFF FFFF FFFF FFFF FFFF FFFF,1487237125264705,0,920.625,-57.5,0.638136007760427,-5.6875
FFFF FFFF FFFF FFFF FFFF FFFF,1487237125274120,0,920.625,-57.5,0.546097160487288,7.3125
FFFF FFFF FFFF FFFF FFFF FFFF,1487237125283225,0,920.625,-58,0.773126317094363,-48.8125
FFFF FFFF FFFF FFFF FFFF FFFF,1487237125299488,0,920.625,-57,0.74244670133665,-52.0625
FFFF FFFF FFFF FFFF FFFF FFFF,1487237125310605,0,920.625,-57,0.69335931612431,-30.875
FFFF FFFF FFFF FFFF FFFF FFFF,1487237125321128,0,920.625,-57,0.613592315154257,-7.3125
FFFF FFFF FFFF FFFF FFFF FFFF,1487237125332061,0,920.625,-57,0.619728238305799,-5.6875
FFFF FFFF FFFF FFFF FFFF FFFF,1487237125340881,0,920.625,-57.5,0.632000084608884,-10.5625
FFFF FFFF FFFF FFFF FFFF FFFF,1487237125352730,0,920.625,-57.5,0.595184545699629,-3.25
FFFF FFFF FFFF FFFF FFFF FFFF,1487237125362919,0,920.625,-57.5,0.45405831321415,41.5
FFFF FFFF FFFF FFFF FFFF FFFF,1487237125376560,0,920.625,-57.5,0.552233083638831,-7.3125
FFFF FFFF FFFF FFFF FFFF FFFF,1487237125388364,0,920.625,-57.5,0.656543777215054,-30.0625
FFFF FFFF FFFF FFFF FFFF FFFF,1487237125398295,0,920.625,-57,0.570640853093458,-8.9375
FFFF FFFF FFFF FFFF FFFF FFFF,1487237125407905,0,920.625,-57,0.595184545699629,1.625
FFFF FFFF FFFF FFFF FFFF FFFF,1487237125420962,0,920.625,-57,0.662679700366597,-19.5
FFFF FFFF FFFF FFFF FFFF FFFF,1487237125430490,0,920.625,-57.5,0.589048622548086,-4.875
FFFF FFFF FFFF FFFF FFFF FFFF,1487237125444420,0,920.625,-57,0.638136007760427,-5.6875
FFFF FFFF FFFF FFFF FFFF FFFF,1487237125456605,0,920.625,-57,0.613592315154257,-8.9375
FFFF FFFF FFFF FFFF FFFF FFFF,1487237125467671,0,920.625,-57,0.66881562351814,-21.9375
FFFF FFFF FFFF FFFF FFFF FFFF,1487237125477183,0,920.625,-57,0.754718547639735,-48
FFFF FFFF FFFF FFFF FFFF FFFF,1487237125488683,0,920.625,-57.5,0.570640853093458,3.25
FFFF FFFF FFFF FFFF FFFF FFFF,1487237125498800,0,920.625,-57,0.681087469821225,-39
FFFF FFFF FFFF FFFF FFFF FFFF,1487237125513305,0,920.625,-57.5,0.625864161457342,-19.5
FFFF FFFF FFFF FFFF FFFF FFFF,1487237125523934,0,920.625,-57.5,0.656543777215054,-19.5
FFFF FFFF FFFF FFFF FFFF FFFF,1487237125536546,0,920.625,-57,0.601320468851171,0
FFFF FFFF FFFF FFFF FFFF FFFF,1487237125542985,0,920.625,-57,0.607456392002714,-7.3125
FFFF FFFF FFFF FFFF FFFF FFFF,1487237125554530,0,920.625,-57,0.601320468851171,-13
FFFF FFFF FFFF FFFF FFFF FFFF,1487237125569212,0,920.625,-57,0.662679700366597,-21.125
FFFF FFFF FFFF FFFF FFFF FFFF,1487237125576803,0,920.625,-57.5,0.687223392972767,-26.8125
FFFF FFFF FFFF FFFF FFFF FFFF,1487237125590910,0,920.625,-57,0.576776776245001,1.625
FFFF FFFF FFFF FFFF FFFF FFFF,1487237125600592,0,920.625,-57,0.527689391032661,1.625
FFFF FFFF FFFF FFFF FFFF FFFF,1487237125611283,0,920.625,-57,0.711767085578938,-21.125
FFFF FFFF FFFF FFFF FFFF FFFF,1487237125624744,0,920.625,-57,0.644271930911969,-17.875
FFFF FFFF FFFF FFFF FFFF FFFF,1487237125635535,0,920.625,-57,0.582912699396544,0
FFFF FFFF FFFF FFFF FFFF FFFF,1487237125644568,0,920.625,-57.5,0.625864161457342,-17.875
FFFF FFFF FFFF FFFF FFFF FFFF,1487237125657796,0,920.625,-57,0.582912699396544,-5.6875
FFFF FFFF FFFF FFFF FFFF FFFF,1487237125671518,0,920.625,-57.5,0.589048622548086,10.5625
FFFF FFFF FFFF FFFF FFFF FFFF,1487237125681597,0,920.625,-57.5,0.613592315154257,-12.1875
FFFF FFFF FFFF FFFF FFFF FFFF,1487237125691378,0,920.625,-57,0.607456392002714,-13
FFFF FFFF FFFF FFFF FFFF FFFF,1487237125701779,0,920.625,-57,0.607456392002714,-10.5625
FFFF FFFF FFFF FFFF FFFF FFFF,1487237125713774,0,920.625,-57,0.662679700366597,-26.8125
FFFF FFFF FFFF FFFF FFFF FFFF,1487237125723686,0,920.625,-57.5,0.601320468851171,-8.9375
FFFF FFFF FFFF FFFF FFFF FFFF,1487237125736469,0,920.625,-57,0.558369006790373,5.6875
FFFF FFFF FFFF FFFF FFFF FFFF,1487237125749906,0,920.625,-57,0.650407854063512,-19.5
FFFF FFFF FFFF FFFF FFFF FFFF,1487237125760355,0,920.625,-57,0.632000084608884,-10.5625
FFFF FFFF FFFF FFFF FFFF FFFF,1487237125773027,0,920.625,-57,0.558369006790373,0
FFFF FFFF FFFF FFFF FFFF FFFF,1487237125784205,0,920.625,-57.5,0.656543777215054,-14.625
FFFF FFFF FFFF FFFF FFFF FFFF,1487237125793723,0,920.625,-57.5,0.69335931612431,-26.8125
FFFF FFFF FFFF FFFF FFFF FFFF,1487237125819793,0,920.625,-57.5,0.607456392002714,0
FFFF FFFF FFFF FFFF FFFF FFFF,1487237125828215,0,920.625,-57.5,0.570640853093458,8.9375
FFFF FFFF FFFF FFFF FFFF FFFF,1487237125841420,0,920.625,-57,0.521553467881118,13
FFFF FFFF FFFF FFFF FFFF FFFF,1487237125850033,0,920.625,-57,0.613592315154257,-13
FFFF FFFF FFFF FFFF FFFF FFFF,1487237125862752,0,920.625,-57.5,0.576776776245001,-10.5625
FFFF FFFF FFFF FFFF FFFF FFFF,1487237125874902,0,920.625,-58,0.687223392972767,-39.875
FFFF FFFF FFFF FFFF FFFF FFFF,1487237125886773,0,920.625,-57.5,0.589048622548086,1.625
FFFF FFFF FFFF FFFF FFFF FFFF,1487237125896147,0,920.625,-57.5,0.576776776245001,5.6875
FFFF FFFF FFFF FFFF FFFF FFFF,1487237125906789,0,920.625,-57.5,0.607456392002714,-8.9375
FFFF FFFF FFFF FFFF FFFF FFFF,1487237125918466,0,920.625,-57.5,0.650407854063512,-32.5
FFFF FFFF FFFF FFFF FFFF FFFF,1487237125931578,0,920.625,-57,0.601320468851171,-8.9375
FFFF FFFF FFFF FFFF FFFF FFFF,1487237125943517,0,920.625,-57,0.570640853093458,1.625
FFFF FFFF FFFF FFFF FFFF FFFF,1487237125955235,0,920.625,-57,0.570640853093458,1.625
FFFF FFFF FFFF FFFF FFFF FFFF,1487237125963978,0,920.625,-57,0.576776776245001,-1.625
FFFF FFFF FFFF FFFF FFFF FFFF,1487237125976909,0,920.625,-57,0.66881562351814,-32.5
FFFF FFFF FFFF FFFF FFFF FFFF,1487237125987968,0,920.625,-57,0.509281621578033,21.125
FFFF FFFF FFFF FFFF FFFF FFFF,1487237125998417,0,920.625,-57,0.656543777215054,-8.9375
FFFF FFFF FFFF FFFF FFFF FFFF,1487237126011044,0,920.625,-57.5,0.625864161457342,-8.9375
FFFF FFFF FFFF FFFF FFFF FFFF,1487237126021656,0,920.625,-57,0.552233083638831,4.875
FFFF FFFF FFFF FFFF FFFF FFFF,1487237126032624,0,920.625,-57,0.681087469821225,-25.1875
FFFF FFFF FFFF FFFF FFFF FFFF,1487237126043106,0,920.625,-57,0.595184545699629,-1.625
FFFF FFFF FFFF FFFF FFFF FFFF,1487237126054608,0,920.625,-57.5,0.687223392972767,-30.0625
FFFF FFFF FFFF FFFF FFFF FFFF,1487237126067910,0,920.625,-57.5,0.595184545699629,-4.875
FFFF FFFF FFFF FFFF FFFF FFFF,1487237126075972,0,920.625,-57,0.558369006790373,7.3125
FFFF FFFF FFFF FFFF FFFF FFFF,1487237126087122,0,920.625,-57.5,0.533825314184203,13
FFFF FFFF FFFF FFFF FFFF FFFF,1487237126101808,0,920.625,-57,0.564504929941916,1.625
FFFF FFFF FFFF FFFF FFFF FFFF,1487237126110665,0,920.625,-57,0.632000084608884,-7.3125
FFFF FFFF FFFF FFFF FFFF FFFF,1487237126123664,0,920.625,-57.5,0.558369006790373,14.625
FFFF FFFF FFFF FFFF FFFF FFFF,1487237126135108,0,920.625,-57.5,0.699495239275852,-34.125
FFFF FFFF FFFF FFFF FFFF FFFF,1487237126145083,0,920.625,-57,0.644271930911969,-30.0625
FFFF FFFF FFFF FFFF FFFF FFFF,1487237126156272,0,920.625,-57,0.662679700366597,-17.875
FFFF FFFF FFFF FFFF FFFF FFFF,1487237126166618,0,920.625,-57.5,0.607456392002714,-12.1875
FFFF FFFF FFFF FFFF FFFF FFFF,1487237126181203,0,920.625,-57,0.674951546669682,-26.8125
FFFF FFFF FFFF FFFF FFFF FFFF,1487237126191421,0,920.625,-57.5,0.681087469821225,-23.5625
FFFF FFFF FFFF FFFF FFFF FFFF,1487237126203716,0,920.625,-57,0.595184545699629,-5.6875
FFFF FFFF FFFF FFFF FFFF FFFF,1487237126211180,0,920.625,-57,0.582912699396544,-7.3125
FFFF FFFF FFFF FFFF FFFF FFFF,1487237126225980,0,920.625,-57,0.595184545699629,-7.3125
FFFF FFFF FFFF FFFF FFFF FFFF,1487237126236688,0,920.625,-57,0.687223392972767,-43.125
FFFF FFFF FFFF FFFF FFFF FFFF,1487237126248477,0,920.625,-57.5,0.564504929941916,0
FFFF FFFF FFFF FFFF FFFF FFFF,1487237126258255,0,920.625,-57,0.576776776245001,4.875
FFFF FFFF FFFF FFFF FFFF FFFF,1487237126269792,0,920.625,-57,0.558369006790373,4.875
FFFF FFFF FFFF FFFF FFFF FFFF,1487237126281441,0,920.625,-57,0.619728238305799,-12.1875
FFFF FFFF FFFF FFFF FFFF FFFF,1487237126292368,0,920.625,-57.5,0.589048622548086,-5.6875
FFFF FFFF FFFF FFFF FFFF FFFF,1487237126303276,0,920.625,-57.5,0.546097160487288,14.625
FFFF FFFF FFFF FFFF FFFF FFFF,1487237126317101,0,920.625,-57.5,0.570640853093458,0
FFFF FFFF FFFF FFFF FFFF FFFF,1487237126327218,0,920.625,-57,0.74244670133665,-44.75
FFFF FFFF FFFF FFFF FFFF FFFF,1487237126336934,0,920.625,-57.5,0.66881562351814,-28.4375
FFFF FFFF FFFF FFFF FFFF FFFF,1487237126350995,0,920.625,-57,0.613592315154257,-16.25
FFFF FFFF FFFF FFFF FFFF FFFF,1487237126362818,0,920.625,-57,0.595184545699629,-10.5625
FFFF FFFF FFFF FFFF FFFF FFFF,1487237126375438,0,920.625,-57,0.662679700366597,-16.25
FFFF FFFF FFFF FFFF FFFF FFFF,1487237126384749,0,920.625,-57,0.601320468851171,-12.1875
FFFF FFFF FFFF FFFF FFFF FFFF,1487237126396298,0,920.625,-57.5,0.681087469821225,-21.9375
FFFF FFFF FFFF FFFF FFFF FFFF,1487237126408035,0,920.625,-57.5,0.539961237335746,13
FFFF FFFF FFFF FFFF FFFF FFFF,1487237126418999,0,920.625,-57.5,0.644271930911969,-21.125
FFFF FFFF FFFF FFFF FFFF FFFF,1487237126428492,0,920.625,-57,0.705631162427395,-30.0625
FFFF FFFF FFFF FFFF FFFF FFFF,1487237126440067,0,920.625,-57.5,0.687223392972767,-21.125
FFFF FFFF FFFF FFFF FFFF FFFF,1487237126454093,0,920.625,-57.5,0.736310778185108,-44.75
FFFF FFFF FFFF FFFF FFFF FFFF,1487237126466118,0,920.625,-57.5,0.650407854063512,-16.25
FFFF FFFF FFFF FFFF FFFF FFFF,1487237126472455,0,920.625,-58,0.656543777215054,-25.1875
FFFF FFFF FFFF FFFF FFFF FFFF,1487237126487780,0,920.625,-57.5,0.644271930911969,-16.25
FFFF FFFF FFFF FFFF FFFF FFFF,1487237126498665,0,920.625,-57,0.650407854063512,-19.5
FFFF FFFF FFFF FFFF FFFF FFFF,1487237126506359,0,920.625,-57.5,0.47860200582032,23.5625
FFFF FFFF FFFF FFFF FFFF FFFF,1487237126519133,0,920.625,-57.5,0.711767085578938,-32.5
FFFF FFFF FFFF FFFF FFFF FFFF,1487237126532838,0,920.625,-57,0.595184545699629,-21.9375
FFFF FFFF FFFF FFFF FFFF FFFF,1487237126544271,0,920.625,-57,0.705631162427395,-28.4375
FFFF FFFF FFFF FFFF FFFF FFFF,1487237126556062,0,920.625,-57,0.552233083638831,0
FFFF FFFF FFFF FFFF FFFF FFFF,1487237126567346,0,920.625,-57,0.570640853093458,0
FFFF FFFF FFFF FFFF FFFF FFFF,1487237126574666,0,920.625,-57.5,0.546097160487288,1.625
FFFF FFFF FFFF FFFF FFFF FFFF,1487237126587922,0,920.625,-57.5,0.681087469821225,-14.625
FFFF FFFF FFFF FFFF FFFF FFFF,1487237126601263,0,920.625,-57,0.558369006790373,-10.5625
FFFF FFFF FFFF FFFF FFFF FFFF,1487237126609969,0,920.625,-57.5,0.595184545699629,-1.625
FFFF FFFF FFFF FFFF FFFF FFFF,1487237126624474,0,920.625,-57,0.558369006790373,7.3125
FFFF FFFF FFFF FFFF FFFF FFFF,1487237126632040,0,920.625,-57,0.699495239275852,-39
FFFF FFFF FFFF FFFF FFFF FFFF,1487237126644798,0,920.625,-57.5,0.613592315154257,-16.25
FFFF FFFF FFFF FFFF FFFF FFFF,1487237126658039,0,920.625,-57,0.650407854063512,-25.1875
FFFF FFFF FFFF FFFF FFFF FFFF,1487237126669013,0,920.625,-57.5,0.607456392002714,-4.875
FFFF FFFF FFFF FFFF FFFF FFFF,1487237126679717,0,920.625,-57,0.589048622548086,-10.5625
FFFF FFFF FFFF FFFF FFFF FFFF,1487237126688228,0,920.625,-57,0.570640853093458,5.6875
FFFF FFFF FFFF FFFF FFFF FFFF,1487237126702553,0,920.625,-57,0.619728238305799,-13
FFFF FFFF FFFF FFFF FFFF FFFF,1487237126714216,0,920.625,-57.5,0.595184545699629,-4.875
FFFF FFFF FFFF FFFF FFFF FFFF,1487237126723347,0,920.625,-57.5,0.601320468851171,-1.625
FFFF FFFF FFFF FFFF FFFF FFFF,1487237126735271,0,920.625,-57,0.632000084608884,-17.875
FFFF FFFF FFFF FFFF FFFF FFFF,1487237126748556,0,920.625,-57.5,0.595184545699629,-3.25
FFFF FFFF FFFF FFFF FFFF FFFF,1487237126757026,0,920.625,-57,0.582912699396544,-16.25
FFFF FFFF FFFF FFFF FFFF FFFF,1487237126766670,0,920.625,-57.5,0.613592315154257,-4.875
FFFF FFFF FFFF FFFF FFFF FFFF,1487237126781620,0,920.625,-57,0.699495239275852,-23.5625
FFFF FFFF FFFF FFFF FFFF FFFF,1487237126793510,0,920.625,-57.5,0.539961237335746,13
FFFF FFFF FFFF FFFF FFFF FFFF,1487237126802917,0,920.625,-57,0.607456392002714,-19.5
FFFF FFFF FFFF FFFF FFFF FFFF,1487237126813000,0,920.625,-57.5,0.601320468851171,-7.3125
FFFF FFFF FFFF FFFF FFFF FFFF,1487237126826200,0,920.625,-57.5,0.66881562351814,-17.875
FFFF FFFF FFFF FFFF FFFF FFFF,1487237126836758,0,920.625,-57,0.576776776245001,0
FFFF FFFF FFFF FFFF FFFF FFFF,1487237126846385,0,920.625,-57,0.582912699396544,4.875
FFFF FFFF FFFF FFFF FFFF FFFF,1487237126860971,0,920.625,-57,0.564504929941916,5.6875
FFFF FFFF FFFF FFFF FFFF FFFF,1487237126871048,0,920.625,-57.5,0.527689391032661,14.625
FFFF FFFF FFFF FFFF FFFF FFFF,1487237126884060,0,920.625,-57,0.595184545699629,-10.5625
FFFF FFFF FFFF FFFF FFFF FFFF,1487237126893141,0,920.625,-57.5,0.766990393942821,-39.875
FFFF FFFF FFFF FFFF FFFF FFFF,1487237126905809,0,920.625,-57,0.619728238305799,-16.25
FFFF FFFF FFFF FFFF FFFF FFFF,1487237126914869,0,920.625,-57,0.539961237335746,7.3125
FFFF FFFF FFFF FFFF FFFF FFFF,1487237126926411,0,920.625,-57.5,0.595184545699629,-8.9375
FFFF FFFF FFFF FFFF FFFF FFFF,1487237126941341,0,920.625,-57.5,0.564504929941916,3.25
FFFF FFFF FFFF FFFF FFFF FFFF,1487237126952123,0,920.625,-57.5,0.632000084608884,-25.1875
FFFF FFFF FFFF FFFF FFFF FFFF,1487237126959899,0,920.625,-57.5,0.607456392002714,-21.9375
FFFF FFFF FFFF FFFF FFFF FFFF,1487237126974634,0,920.625,-57.5,0.656543777215054,-16.25
FFFF FFFF FFFF FFFF FFFF FFFF,1487237126986612,0,920.625,-57,0.601320468851171,-13
FFFF FFFF FFFF FFFF FFFF FFFF,1487237126997013,0,920.625,-57,0.601320468851171,-10.5625
FFFF FFFF FFFF FFFF FFFF FFFF,1487237127007977,0,920.625,-57,0.552233083638831,-7.3125
FFFF FFFF FFFF FFFF FFFF FFFF,1487237127017442,0,920.625,-57,0.607456392002714,0
FFFF FFFF FFFF FFFF FFFF FFFF,1487237127030428,0,920.625,-57.5,0.656543777215054,-26.8125
FFFF FFFF FFFF FFFF FFFF FFFF,1487237127038330,0,920.625,-57,0.601320468851171,-3.25
FFFF FFFF FFFF FFFF FFFF FFFF,1487237127053655,0,920.625,-56.5,0.576776776245001,1.625
FFFF FFFF FFFF FFFF FFFF FFFF,1487237127065273,0,920.625,-57.5,0.546097160487288,7.3125
FFFF FFFF FFFF FFFF FFFF FFFF,1487237127076660,0,920.625,-57.5,0.570640853093458,5.6875
FFFF FFFF FFFF FFFF FFFF FFFF,1487237127088734,0,920.625,-57,0.613592315154257,-3.25
FFFF FFFF FFFF FFFF FFFF FFFF,1487237127098374,0,920.625,-57,0.539961237335746,13
FFFF FFFF FFFF FFFF FFFF FFFF,1487237127108593,0,920.625,-57.5,0.662679700366597,-21.125
FFFF FFFF FFFF FFFF FFFF FFFF,1487237127122417,0,920.625,-57,0.595184545699629,-4.875
FFFF FFFF FFFF FFFF FFFF FFFF,1487237127130311,0,920.625,-57.5,0.601320468851171,-10.5625
FFFF FFFF FFFF FFFF FFFF FFFF,1487237127141577,0,920.625,-57,0.613592315154257,-13
FFFF FFFF FFFF FFFF FFFF FFFF,1487237127151812,0,920.625,-57.5,0.521553467881118,19.5
FFFF FFFF FFFF FFFF FFFF FFFF,1487237127167233,0,920.625,-57.5,0.644271930911969,-21.125
FFFF FFFF FFFF FFFF FFFF FFFF,1487237127178799,0,920.625,-57,0.564504929941916,-16.25
FFFF FFFF FFFF FFFF FFFF FFFF,1487237127186648,0,920.625,-57.5,0.515417544729575,12.1875
FFFF FFFF FFFF FFFF FFFF FFFF,1487237127197596,0,920.625,-57,0.539961237335746,13
FFFF FFFF FFFF FFFF FFFF FFFF,1487237127210755,0,920.625,-57.5,0.613592315154257,-14.625
FFFF FFFF FFFF FFFF FFFF FFFF,1487237127222931,0,920.625,-57.5,0.656543777215054,-30.0625
FFFF FFFF FFFF FFFF FFFF FFFF,1487237127233365,0,920.625,-57,0.582912699396544,-4.875
FFFF FFFF FFFF FFFF FFFF FFFF,1487237127243590,0,920.625,-56.5,0.619728238305799,-21.9375
FFFF FFFF FFFF FFFF FFFF FFFF,1487237127254117,0,920.625,-57.5,0.546097160487288,12.1875
FFFF FFFF FFFF FFFF FFFF FFFF,1487237127266164,0,920.625,-57,0.601320468851171,-16.25
FFFF FFFF FFFF FFFF FFFF FFFF,1487237127275478,0,920.625,-57,0.42951462060798,13
FFFF FFFF FFFF FFFF FFFF FFFF,1487237127291282,0,920.625,-57,0.423378697456437,23.5625
FFFF FFFF FFFF FFFF FFFF FFFF,1487237127301089,0,920.625,-57.5,0.662679700366597,-39
FFFF FFFF FFFF FFFF FFFF FFFF,1487237127310844,0,920.625,-57.5,0.644271930911969,-28.4375
FFFF FFFF FFFF FFFF FFFF FFFF,1487237127322270,0,920.625,-57,0.539961237335746,-3.25
FFFF FFFF FFFF FFFF FFFF FFFF,1487237127332012,0,920.625,-57.5,0.625864161457342,-26.8125
FFFF FFFF FFFF FFFF FFFF FFFF,1487237127344274,0,920.625,-57,0.674951546669682,-39
FFFF FFFF FFFF FFFF FFFF FFFF,1487237127355442,0,920.625,-57.5,0.619728238305799,-30.0625
FFFF FFFF FFFF FFFF FFFF FFFF,1487237127366850,0,920.625,-57,0.552233083638831,-16.25
FFFF FFFF FFFF FFFF FFFF FFFF,1487237127380322,0,920.625,-57.5,0.515417544729575,3.25
FFFF FFFF FFFF FFFF FFFF FFFF,1487237127390451,0,920.625,-57.5,0.447922390062607,16.25
FFFF FFFF FFFF FFFF FFFF FFFF,1487237127403879,0,920.625,-56.5,0.607456392002714,-35.75
FFFF FFFF FFFF FFFF FFFF FFFF,1487237127413243,0,920.625,-56.5,0.423378697456437,-3.25
FFFF FFFF FFFF FFFF FFFF FFFF,1487237127425714,0,920.625,-57,0.466330159517235,-17.875
FFFF FFFF FFFF FFFF FFFF FFFF,1487237127436571,0,920.625,-57,0.447922390062607,-14.625
FFFF FFFF FFFF FFFF FFFF FFFF,1487237127449460,0,920.625,-56.5,0.435650543759522,-12.1875
FFFF FFFF FFFF FFFF FFFF FFFF,1487237127457849,0,920.625,-57,0.447922390062607,-23.5625
FFFF FFFF FFFF FFFF FFFF FFFF,1487237127470238,0,920.625,-56.5,0.441786466911065,-21.9375
FFFF FFFF FFFF FFFF FFFF FFFF,1487237127483620,0,920.625,-56.5,0.386563158547182,1.625
FFFF FFFF FFFF FFFF FFFF FFFF,1487237127493351,0,920.625,-57.5,0.368155389092554,-4.875
FFFF FFFF FFFF FFFF FFFF FFFF,1487237127504543,0,920.625,-56.5,0.509281621578033,-17.875
FFFF FFFF FFFF FFFF FFFF FFFF,1487237127517269,0,920.625,-56.5,0.417242774304894,12.1875
FFFF FFFF FFFF FFFF FFFF FFFF,1487237127527100,0,920.625,-57,0.497009775274948,-14.625
FFFF FFFF FFFF FFFF FFFF FFFF,1487237127536834,0,920.625,-57,0.521553467881118,-7.3125
FFFF FFFF FFFF FFFF FFFF FFFF,1487237127549535,0,920.625,-57,0.625864161457342,-17.875
FFFF FFFF FFFF FFFF FFFF FFFF,1487237127562434,0,920.625,-57.5,0.705631162427395,-26.8125
FFFF FFFF FFFF FFFF FFFF FFFF,1487237127571465,0,920.625,-57,0.69335931612431,-3.25
FFFF FFFF FFFF FFFF FFFF FFFF,1487237127579776,0,920.625,-58,0.791534086548991,-23.5625
FFFF FFFF FFFF FFFF FFFF FFFF,1487237127593924,0,920.625,-59,0.699495239275852,-28.4375
FFFF FFFF FFFF FFFF FFFF FFFF,1487237127606769,0,920.625,-61,0.386563158547182,-21.9375
FFFF FFFF FFFF FFFF FFFF FFFF,1487237127730749,0,920.625,-66.5,5.83526291711698,100.0625
FFFF FFFF FFFF FFFF FFFF FFFF,1487237127739251,0,920.625,-62.5,0.435650543759522,-34.125
FFFF FFFF FFFF FFFF FFFF FFFF,1487237127752160,0,920.625,-59,0.975611781095268,-48
FFFF FFFF FFFF FFFF FFFF FFFF,1487237127762824,0,920.625,-59.5,0.969475857943725,-46.375
FFFF FFFF FFFF FFFF FFFF FFFF,1487237127775566,0,920.625,-59,0.791534086548991,16.25
FFFF FFFF FFFF FFFF FFFF FFFF,1487237127784972,0,920.625,-58.5,0.951068088489098,-16.25
FFFF FFFF FFFF FFFF FFFF FFFF,1487237127796984,0,920.625,-58.5,0.975611781095268,-7.3125
FFFF FFFF FFFF FFFF FFFF FFFF,1487237127807359,0,920.625,-59,0.93266031903447,-8.9375
FFFF FFFF FFFF FFFF FFFF FFFF,1487237127818435,0,920.625,-59,0.938796242186012,-10.5625
FFFF FFFF FFFF FFFF FFFF FFFF,1487237127831195,0,920.625,-59.5,0.883572933822129,-12.1875
FFFF FFFF FFFF FFFF FFFF FFFF,1487237127841100,0,920.625,-62,0.754718547639735,-25.1875
FFFF FFFF FFFF FFFF FFFF FFFF,1487237127928542,0,920.625,-64.5,0.69335931612431,-46.375
FFFF FFFF FFFF FFFF FFFF FFFF,1487237127937000,0,920.625,-62,0.95720401164064,-23.5625
FFFF FFFF FFFF FFFF FFFF FFFF,1487237127949326,0,920.625,-60.5,1.09219432097458,0
FFFF FFFF FFFF FFFF FFFF FFFF,1487237127957139,0,920.625,-59,1.12900985988383,1.625
FFFF FFFF FFFF FFFF FFFF FFFF,1487237127969900,0,920.625,-58,1.20877686085389,-26.8125
FFFF FFFF FFFF FFFF FFFF FFFF,1487237127983161,0,920.625,-57,1.21491278400543,-21.125
FFFF FFFF FFFF FFFF FFFF FFFF,1487237127994977,0,920.625,-58,1.12287393673229,-4.875
FFFF FFFF FFFF FFFF FFFF FFFF,1487237128005674,0,920.625,-57,1.11673801358075,0
FFFF FFFF FFFF FFFF FFFF FFFF,1487237128014605,0,920.625,-57,1.1106020904292,-7.3125
FFFF FFFF FFFF FFFF FFFF FFFF,1487237128026353,0,920.625,-57,1.03697101261069,-5.6875
FFFF FFFF FFFF FFFF FFFF FFFF,1487237128040417,0,920.625,-57,1.07378655151995,-13
FFFF FFFF FFFF FFFF FFFF FFFF,1487237128047371,0,920.625,-57.5,1.00629139685298,5.6875
FFFF FFFF FFFF FFFF FFFF FFFF,1487237128062833,0,920.625,-57,1.13514578303537,-25.1875
FFFF FFFF FFFF FFFF FFFF FFFF,1487237128073378,0,920.625,-57,1.12900985988383,-8.9375
FFFF FFFF FFFF FFFF FFFF FFFF,1487237128082461,0,920.625,-57.5,1.16582539879309,-30.875
FFFF FFFF FFFF FFFF FFFF FFFF,1487237128094331,0,920.625,-57.5,1.17196132194463,-19.5
FFFF FFFF FFFF FFFF FFFF FFFF,1487237128107333,0,920.625,-57,1.16582539879309,-21.9375
FFFF FFFF FFFF FFFF FFFF FFFF,1487237128119983,0,920.625,-57.5,1.13514578303537,-10.5625
FFFF FFFF FFFF FFFF FFFF FFFF,1487237128126526,0,920.625,-57.5,1.21491278400543,-13
FFFF FFFF FFFF FFFF FFFF FFFF,1487237128140691,0,920.625,-57,1.17809724509617,-19.5
FFFF FFFF FFFF FFFF FFFF FFFF,1487237128149257,0,920.625,-57,1.14128170618692,-5.6875
FFFF FFFF FFFF FFFF FFFF FFFF,1487237128163938,0,920.625,-57.5,1.16582539879309,-1.625
FFFF FFFF FFFF FFFF FFFF FFFF,1487237128175830,0,920.625,-57.5,1.22718463030851,-19.5
FFFF FFFF FFFF FFFF FFFF FFFF,1487237128185228,0,920.625,-57.5,1.20264093770234,-16.25
FFFF FFFF FFFF FFFF FFFF FFFF,1487237128196015,0,920.625,-57.5,1.2394564766116,-21.125
FFFF FFFF FFFF FFFF FFFF FFFF,1487237128206472,0,920.625,-58,1.20877686085389,-16.25
FFFF FFFF FFFF FFFF FFFF FFFF,1487237128220536,0,920.625,-57.5,1.17809724509617,-12.1875
FFFF FFFF FFFF FFFF FFFF FFFF,1487237128230934,0,920.625,-57,1.27013609236931,-21.125
FFFF FFFF FFFF FFFF FFFF FFFF,1487237128241187,0,920.625,-58,1.25172832291468,-39.875
FFFF FFFF FFFF FFFF FFFF FFFF,1487237128253805,0,920.625,-57.5,1.22104870715697,-21.125
FFFF FFFF FFFF FFFF FFFF FFFF,1487237128265689,0,920.625,-57.5,1.25172832291468,-30.0625
FFFF FFFF FFFF FFFF FFFF FFFF,1487237128276448,0,920.625,-57,1.1965050145508,-14.625
FFFF FFFF FFFF FFFF FFFF FFFF,1487237128287547,0,920.625,-57,1.10446616727766,10.5625
FFFF FFFF FFFF FFFF FFFF FFFF,1487237128299625,0,920.625,-57,1.15355355249,-8.9375
FFFF FFFF FFFF FFFF FFFF FFFF,1487237128307801,0,920.625,-57.5,1.22104870715697,-25.1875
FFFF FFFF FFFF FFFF FFFF FFFF,1487237128321966,0,920.625,-56.5,1.14741762933846,-8.9375
FFFF FFFF FFFF FFFF FFFF FFFF,1487237128332795,0,920.625,-57,1.17196132194463,-17.875
FFFF FFFF FFFF FFFF FFFF FFFF,1487237128345548,0,920.625,-57,1.10446616727766,-10.5625
FFFF FFFF FFFF FFFF FFFF FFFF,1487237128356507,0,920.625,-57.5,1.09219432097458,-8.9375
FFFF FFFF FFFF FFFF FFFF FFFF,1487237128366917,0,920.625,-57,1.17196132194463,-34.125
FFFF FFFF FFFF FFFF FFFF FFFF,1487237128378069,0,920.625,-57.5,1.04310693576224,-16.25
FFFF FFFF FFFF FFFF FFFF FFFF,1487237128386448,0,920.625,-57.5,1.09219432097458,-13
FFFF FFFF FFFF FFFF FFFF FFFF,1487237128399970,0,920.625,-57,1.04310693576224,-10.5625
FFFF FFFF FFFF FFFF FFFF FFFF,1487237128412461,0,920.625,-57.5,1.12900985988383,-34.125
FFFF FFFF FFFF FFFF FFFF FFFF,1487237128423154,0,920.625,-58,1.10446616727766,-16.25
FFFF FFFF FFFF FFFF FFFF FFFF,1487237128433157,0,920.625,-58,1.11673801358075,-16.25
FFFF FFFF FFFF FFFF FFFF FFFF,1487237128444342,0,920.625,-57.5,1.09219432097458,3.25
FFFF FFFF FFFF FFFF FFFF FFFF,1487237128456729,0,920.625,-58,1.1965050145508,-21.125
FFFF FFFF FFFF FFFF FFFF FFFF,1487237128468098,0,920.625,-58,1.25172832291468,-10.5625
FFFF FFFF FFFF FFFF FFFF FFFF,1487237128478516,0,920.625,-57.5,1.2824079386724,-8.9375
FFFF FFFF FFFF FFFF FFFF FFFF,1487237128488223,0,920.625,-58,1.31922347758165,1.625
FFFF FFFF FFFF FFFF FFFF FFFF,1487237128502011,0,920.625,-58,1.4419419406125,-7.3125
FFFF FFFF FFFF FFFF FFFF FFFF,1487237128509869,0,920.625,-58.5,1.44807786376405,-3.25
FFFF FFFF FFFF FFFF FFFF FFFF,1487237128521749,0,920.625,-58,1.54625263418873,-8.9375
FFFF FFFF FFFF FFFF FFFF FFFF,1487237128535325,0,920.625,-58.5,1.61374778885569,-3.25
FFFF FFFF FFFF FFFF FFFF FFFF,1487237128544673,0,920.625,-57.5,1.63215555831032,-5.6875
FFFF FFFF FFFF FFFF FFFF FFFF,1487237128558486,0,920.625,-57,1.63829148146186,-1.625
FFFF FFFF FFFF FFFF FFFF FFFF,1487237128567535,0,920.625,-57,1.61988371200724,-3.25
FFFF FFFF FFFF FFFF FFFF FFFF,1487237128582541,0,920.625,-56.5,1.5707963267949,-13
FFFF FFFF FFFF FFFF FFFF FFFF,1487237128592245,0,920.625,-56,1.54011671103718,-10.5625
FFFF FFFF FFFF FFFF FFFF FFFF,1487237128602783,0,920.625,-56,1.47875747952176,-14.625
FFFF FFFF FFFF FFFF FFFF FFFF,1487237128615116,0,920.625,-57,1.45421378691559,-30.875
FFFF FFFF FFFF FFFF FFFF FFFF,1487237128625552,0,920.625,-56.5,1.34376717018782,-7.3125
FFFF FFFF FFFF FFFF FFFF FFFF,1487237128636464,0,920.625,-56,1.30695163127857,-21.125
FFFF FFFF FFFF FFFF FFFF FFFF,1487237128646286,0,920.625,-56.5,1.2394564766116,-4.875
FFFF FFFF FFFF FFFF FFFF FFFF,1487237128658738,0,920.625,-56.5,1.22718463030851,1.625
FFFF FFFF FFFF FFFF FFFF FFFF,1487237128668382,0,920.625,-56.5,1.22718463030851,-3.25
FFFF FFFF FFFF FFFF FFFF FFFF,1487237128683325,0,920.625,-56.5,1.33763124703628,-19.5
FFFF FFFF FFFF FFFF FFFF FFFF,1487237128693314,0,920.625,-56.5,1.25786424606623,-16.25
FFFF FFFF FFFF FFFF FFFF FFFF,1487237128705755,0,920.625,-56.5,1.21491278400543,7.3125
FFFF FFFF FFFF FFFF FFFF FFFF,1487237128716411,0,920.625,-57.5,1.24559239976314,-7.3125
FFFF FFFF FFFF FFFF FFFF FFFF,1487237128725012,0,920.625,-57,1.23332055346006,-7.3125
FFFF FFFF FFFF FFFF FFFF FFFF,1487237128736022,0,920.625,-57.5,1.27013609236931,-16.25
FFFF FFFF FFFF FFFF FFFF FFFF,1487237128750632,0,920.625,-57.5,1.1965050145508,1.625
FFFF FFFF FFFF FFFF FFFF FFFF,1487237128758864,0,920.625,-57,1.15968947564154,-10.5625
FFFF FFFF FFFF FFFF FFFF FFFF,1487237128770044,0,920.625,-56.5,1.17196132194463,-23.5625
FFFF FFFF FFFF FFFF FFFF FFFF,1487237128783611,0,920.625,-56.5,1.08605839782303,0
FFFF FFFF FFFF FFFF FFFF FFFF,1487237128795527,0,920.625,-56.5,1.09833024412612,-5.6875
FFFF FFFF FFFF FFFF FFFF FFFF,1487237128803426,0,920.625,-57,1.06151470521686,0
FFFF FFFF FFFF FFFF FFFF FFFF,1487237128817219,0,920.625,-57,1.06151470521686,-5.6875
FFFF FFFF FFFF FFFF FFFF FFFF,1487237128829434,0,920.625,-57,1.05537878206532,-19.5
FFFF FFFF FFFF FFFF FFFF FFFF,1487237128839879,0,920.625,-57.5,1.03083508945915,-5.6875
FFFF FFFF FFFF FFFF FFFF FFFF,1487237128852415,0,920.625,-57.5,1.07378655151995,-5.6875
FFFF FFFF FFFF FFFF FFFF FFFF,1487237128863248,0,920.625,-57,1.07378655151995,1.625
FFFF FFFF FFFF FFFF FFFF FFFF,1487237128872746,0,920.625,-57.5,1.04924285891378,1.625
FFFF FFFF FFFF FFFF FFFF FFFF,1487237128883287,0,920.625,-57,1.12287393673229,-21.9375
FFFF FFFF FFFF FFFF FFFF FFFF,1487237128894822,0,920.625,-58,1.15355355249,-23.5625
FFFF FFFF FFFF FFFF FFFF FFFF,1487237128910010,0,920.625,-57.5,1.08605839782303,12.1875
FFFF FFFF FFFF FFFF FFFF FFFF,1487237128919316,0,920.625,-57.5,1.12287393673229,-5.6875
FFFF FFFF FFFF FFFF FFFF FFFF,1487237128928864,0,920.625,-57.5,1.14128170618692,1.625
FFFF FFFF FFFF FFFF FFFF FFFF,1487237128940123,0,920.625,-58,1.16582539879309,-12.1875
FFFF FFFF FFFF FFFF FFFF FFFF,1487237128953193,0,920.625,-57.5,1.20264093770234,-14.625
FFFF FFFF FFFF FFFF FFFF FFFF,1487237128965860,0,920.625,-59,1.18423316824771,3.25
FFFF FFFF FFFF FFFF FFFF FFFF,1487237128975240,0,920.625,-58,1.18423316824771,1.625
FFFF FFFF FFFF FFFF FFFF FFFF,1487237128984311,0,920.625,-58,1.22718463030851,-5.6875
FFFF FFFF FFFF FFFF FFFF FFFF,1487237128995603,0,920.625,-58,1.24559239976314,-5.6875
FFFF FFFF FFFF FFFF FFFF FFFF,1487237129010557,0,920.625,-58.5,1.30695163127857,-26.8125
FFFF FFFF FFFF FFFF FFFF FFFF,1487237129019548,0,920.625,-58,1.33763124703628,-19.5
FFFF FFFF FFFF FFFF FFFF FFFF,1487237129032711,0,920.625,-58.5,1.34376717018782,-21.9375
FFFF FFFF FFFF FFFF FFFF FFFF,1487237129042871,0,920.625,-58.5,1.32535940073319,-7.3125
FFFF FFFF FFFF FFFF FFFF FFFF,1487237129055478,0,920.625,-58,1.36831086279399,-13
FFFF FFFF FFFF FFFF FFFF FFFF,1487237129066483,0,920.625,-58.5,1.34376717018782,-8.9375
FFFF FFFF FFFF FFFF FFFF FFFF,1487237129075987,0,920.625,-58,1.42353417115788,-23.5625
FFFF FFFF FFFF FFFF FFFF FFFF,1487237129086297,0,920.625,-58.5,1.29467978497548,5.6875
FFFF FFFF FFFF FFFF FFFF FFFF,1487237129099816,0,920.625,-57.5,1.38671863224862,-5.6875
FFFF FFFF FFFF FFFF FFFF FFFF,1487237129109436,0,920.625,-58.5,1.32535940073319,10.5625
FFFF FFFF FFFF FFFF FFFF FFFF,1487237129124583,0,920.625,-58,1.40512640170325,4.875
FFFF FFFF FFFF FFFF FFFF FFFF,1487237129134535,0,920.625,-59,1.47262155637022,-10.5625
FFFF FFFF FFFF FFFF FFFF FFFF,1487237129145331,0,920.625,-58,1.46034971006713,-13
FFFF FFFF FFFF FFFF FFFF FFFF,1487237129158141,0,920.625,-59,1.38671863224862,14.625
FFFF FFFF FFFF FFFF FFFF FFFF,1487237129168930,0,920.625,-58,1.46648563321867,-21.9375
FFFF FFFF FFFF FFFF FFFF FFFF,1487237129181938,0,920.625,-57.5,1.47262155637022,-12.1875
FFFF FFFF FFFF FFFF FFFF FFFF,1487237129191185,0,920.625,-58,1.38058270909708,14.625
FFFF FFFF FFFF FFFF FFFF FFFF,1487237129204432,0,920.625,-57.5,1.49102932582484,-13
FFFF FFFF FFFF FFFF FFFF FFFF,1487237129213479,0,920.625,-58.5,1.47262155637022,-10.5625
FFFF FFFF FFFF FFFF FFFF FFFF,1487237129227660,0,920.625,-57.5,1.52170894158256,-16.25
FFFF FFFF FFFF FFFF FFFF FFFF,1487237129237611,0,920.625,-57.5,1.51557301843101,-10.5625
FFFF FFFF FFFF FFFF FFFF FFFF,1487237129250364,0,920.625,-58,1.52170894158256,-21.125
FFFF FFFF FFFF FFFF FFFF FFFF,1487237129261934,0,920.625,-57.5,1.44807786376405,21.9375
FFFF FFFF FFFF FFFF FFFF FFFF,1487237129272797,0,920.625,-57.5,1.52170894158256,-21.9375
FFFF FFFF FFFF FFFF FFFF FFFF,1487237129282982,0,920.625,-57.5,1.54625263418873,-17.875
FFFF FFFF FFFF FFFF FFFF FFFF,1487237129291594,0,920.625,-57.5,1.62601963515878,-41.5
FFFF FFFF FFFF FFFF FFFF FFFF,1487237129304159,0,920.625,-58,1.49716524897639,0
FFFF FFFF FFFF FFFF FFFF FFFF,1487237129319209,0,920.625,-57.5,1.49716524897639,-1.625
FFFF FFFF FFFF FFFF FFFF FFFF,1487237129328995,0,920.625,-57.5,1.50943709527947,-13
FFFF FFFF FFFF FFFF FFFF FFFF,1487237129340682,0,920.625,-57.5,1.47875747952176,-8.9375
FFFF FFFF FFFF FFFF FFFF FFFF,1487237129349203,0,920.625,-57.5,1.49102932582484,-3.25
FFFF FFFF FFFF FFFF FFFF FFFF,1487237129361001,0,920.625,-57.5,1.55238855734027,-19.5
FFFF FFFF FFFF FFFF FFFF FFFF,1487237129371796,0,920.625,-57,1.52170894158256,-3.25
FFFF FFFF FFFF FFFF FFFF FFFF,1487237129382782,0,920.625,-57,1.46034971006713,4.875
FFFF FFFF FFFF FFFF FFFF FFFF,1487237129395353,0,920.625,-57.5,1.44807786376405,-13
FFFF FFFF FFFF FFFF FFFF FFFF,1487237129406745,0,920.625,-57,1.47875747952176,-10.5625
FFFF FFFF FFFF FFFF FFFF FFFF,1487237129419023,0,920.625,-57,1.46648563321867,-17.875
FFFF FFFF FFFF FFFF FFFF FFFF,1487237129431016,0,920.625,-57,1.41739824800633,3.25
FFFF FFFF FFFF FFFF FFFF FFFF,1487237129441488,0,920.625,-57,1.40512640170325,0
FFFF FFFF FFFF FFFF FFFF FFFF,1487237129452372,0,920.625,-57,1.41739824800633,-7.3125
FFFF FFFF FFFF FFFF FFFF FFFF,1487237129463738,0,920.625,-57,1.40512640170325,-16.25
FFFF FFFF FFFF FFFF FFFF FFFF,1487237129475260,0,920.625,-57,1.33149532388474,3.25
FFFF FFFF FFFF FFFF FFFF FFFF,1487237129487926,0,920.625,-56.5,1.40512640170325,-12.1875
FFFF FFFF FFFF FFFF FFFF FFFF,1487237129495730,0,920.625,-57,1.37444678594553,-4.875
FFFF FFFF FFFF FFFF FFFF FFFF,1487237129510130,0,920.625,-56.5,1.30081570812702,12.1875
FFFF FFFF FFFF FFFF FFFF FFFF,1487237129521399,0,920.625,-57,1.33149532388474,-1.625
FFFF FFFF FFFF FFFF FFFF FFFF,1487237129534037,0,920.625,-57,1.36217493964245,-23.5625
FFFF FFFF FFFF FFFF FFFF FFFF,1487237129540592,0,920.625,-57,1.2824079386724,-4.875
FFFF FFFF FFFF FFFF FFFF FFFF,1487237129555667,0,920.625,-56.5,1.25786424606623,-1.625
FFFF FFFF FFFF FFFF FFFF FFFF,1487237129565658,0,920.625,-56.5,1.26400016921777,-4.875
FFFF FFFF FFFF FFFF FFFF FFFF,1487237129578260,0,920.625,-56.5,1.25172832291468,-3.25
FFFF FFFF FFFF FFFF FFFF FFFF,1487237129589088,0,920.625,-57,1.29467978497548,-19.5
FFFF FFFF FFFF FFFF FFFF FFFF,1487237129600459,0,920.625,-56.5,1.24559239976314,-1.625
FFFF FFFF FFFF FFFF FFFF FFFF,1487237129621109,0,920.625,-56.5,0.773126317094363,4.875
FFFF FFFF FFFF FFFF FFFF FFFF,1487237129635875,0,920.625,-57,0.883572933822129,-26.8125
FFFF FFFF FFFF FFFF FFFF FFFF,1487237129647216,0,920.625,-57.5,0.840621471761331,0
FFFF FFFF FFFF FFFF FFFF FFFF,1487237129657095,0,920.625,-57,0.705631162427395,16.25
FFFF FFFF FFFF FFFF FFFF FFFF,1487237129671706,0,920.625,-57,0.779262240245906,-5.6875
FFFF FFFF FFFF FFFF FFFF FFFF,1487237129681639,0,920.625,-57.5,0.724038931882023,13
FFFF FFFF FFFF FFFF FFFF FFFF,1487237129693061,0,920.625,-57,0.766990393942821,4.875
FFFF FFFF FFFF FFFF FFFF FFFF,1487237129706831,0,920.625,-57,0.822213702306704,-7.3125
FFFF FFFF FFFF FFFF FFFF FFFF,1487237129718118,0,920.625,-57.5,0.736310778185108,3.25
FFFF FFFF FFFF FFFF FFFF FFFF,1487237129725067,0,920.625,-57.5,0.828349625458246,-16.25
FFFF FFFF FFFF FFFF FFFF FFFF,1487237129740283,0,920.625,-57,0.705631162427395,23.5625
FFFF FFFF FFFF FFFF FFFF FFFF,1487237129749853,0,920.625,-57.5,0.724038931882023,7.3125
FFFF FFFF FFFF FFFF FFFF FFFF,1487237129760320,0,920.625,-57.5,0.724038931882023,10.5625
FFFF FFFF FFFF FFFF FFFF FFFF,1487237129773816,0,920.625,-57,0.797670009700533,-8.9375
FFFF FFFF FFFF FFFF FFFF FFFF,1487237129785421,0,920.625,-57.5,0.736310778185108,3.25
FFFF FFFF FFFF FFFF FFFF FFFF,1487237129797004,0,920.625,-57,0.687223392972767,17.875
FFFF FFFF FFFF FFFF FFFF FFFF,1487237129809642,0,920.625,-57,0.748582624488193,-12.1875
FFFF FFFF FFFF FFFF FFFF FFFF,1487237129820072,0,920.625,-57.5,0.779262240245906,-7.3125
FFFF FFFF FFFF FFFF FFFF FFFF,1487237129829873,0,920.625,-57.5,0.724038931882023,-4.875
FFFF FFFF FFFF FFFF FFFF FFFF,1487237129841177,0,920.625,-57.5,0.791534086548991,-7.3125
FFFF FFFF FFFF FFFF FFFF FFFF,1487237129856505,0,920.625,-57,0.754718547639735,-10.5625
FFFF FFFF FFFF FFFF FFFF FFFF,1487237129867442,0,920.625,-57.5,0.711767085578938,7.3125
FFFF FFFF FFFF FFFF FFFF FFFF,1487237129880049,0,920.625,-57,0.748582624488193,-5.6875
FFFF FFFF FFFF FFFF FFFF FFFF,1487237129887908,0,920.625,-57.5,0.74244670133665,4.875
FFFF FFFF FFFF FFFF FFFF FFFF,1487237129902937,0,920.625,-58,0.773126317094363,-4.875
FFFF FFFF FFFF FFFF FFFF FFFF,1487237129913335,0,920.625,-57.5,0.785398163397448,-13
FFFF FFFF FFFF FFFF FFFF FFFF,1487237129926284,0,920.625,-57.5,0.71790300873048,12.1875
FFFF FFFF FFFF FFFF FFFF FFFF,1487237129935929,0,920.625,-57.5,0.846757394912874,-30.0625
FFFF FFFF FFFF FFFF FFFF FFFF,1487237129948084,0,920.625,-57.5,0.828349625458246,-21.125
FFFF FFFF FFFF FFFF FFFF FFFF,1487237129957684,0,920.625,-57.5,0.730174855033565,3.25
FFFF FFFF FFFF FFFF FFFF FFFF,1487237129972209,0,920.625,-58,0.803805932852076,-21.125
FFFF FFFF FFFF FFFF FFFF FFFF,1487237129979153,0,920.625,-57,0.754718547639735,-4.875
FFFF FFFF FFFF FFFF FFFF FFFF,1487237129990157,0,920.625,-57.5,0.607456392002714,39
FFFF FFFF FFFF FFFF FFFF FFFF,1487237130004182,0,920.625,-57.5,0.754718547639735,-5.6875
FFFF FFFF FFFF FFFF FFFF FFFF,1487237130017511,0,920.625,-57.5,0.785398163397448,-10.5625
FFFF FFFF FFFF FFFF FFFF FFFF,1487237130028519,0,920.625,-57.5,0.748582624488193,4.875
FFFF FFFF FFFF FFFF FFFF FFFF,1487237130035530,0,920.625,-57.5,0.66881562351814,23.5625
FFFF FFFF FFFF FFFF FFFF FFFF,1487237130048514,0,920.625,-58,0.816077779155161,-21.125
FFFF FFFF FFFF FFFF FFFF FFFF,1487237130061575,0,920.625,-57.5,0.730174855033565,14.625
FFFF FFFF FFFF FFFF FFFF FFFF,1487237130073479,0,920.625,-57.5,0.785398163397448,-4.875
FFFF FFFF FFFF FFFF FFFF FFFF,1487237130083165,0,920.625,-58,0.74244670133665,10.5625
FFFF FFFF FFFF FFFF FFFF FFFF,1487237130094898,0,920.625,-57.5,0.66881562351814,41.5
FFFF FFFF FFFF FFFF FFFF FFFF,1487237130106697,0,920.625,-58,0.736310778185108,8.9375
FFFF FFFF FFFF FFFF FFFF FFFF,1487237130117729,0,920.625,-58,0.724038931882023,4.875
FFFF FFFF FFFF FFFF FFFF FFFF,1487237130126860,0,920.625,-58,0.625864161457342,34.125
FFFF FFFF FFFF FFFF FFFF FFFF,1487237130140854,0,920.625,-57.5,0.730174855033565,0
FFFF FFFF FFFF FFFF FFFF FFFF,1487237130152391,0,920.625,-57,0.69335931612431,16.25
FFFF FFFF FFFF FFFF FFFF FFFF,1487237130163216,0,920.625,-57.5,0.809941856003619,-13
FFFF FFFF FFFF FFFF FFFF FFFF,1487237130175899,0,920.625,-57.5,0.656543777215054,23.5625
FFFF FFFF FFFF FFFF FFFF FFFF,1487237130188587,0,920.625,-57.5,0.74244670133665,3.25
FFFF FFFF FFFF FFFF FFFF FFFF,1487237130197644,0,920.625,-58,0.74244670133665,8.9375
FFFF FFFF FFFF FFFF FFFF FFFF,1487237130211885,0,920.625,-57.5,0.766990393942821,-4.875
FFFF FFFF FFFF FFFF FFFF FFFF,1487237130219765,0,920.625,-57.5,0.748582624488193,-5.6875
FFFF FFFF FFFF FFFF FFFF FFFF,1487237130235165,0,920.625,-57.5,0.632000084608884,16.25
FFFF FFFF FFFF FFFF FFFF FFFF,1487237130247075,0,920.625,-58.5,0.674951546669682,19.5
FFFF FFFF FFFF FFFF FFFF FFFF,1487237130258152,0,920.625,-58,0.74244670133665,5.6875
FFFF FFFF FFFF FFFF FFFF FFFF,1487237130266430,0,920.625,-57.5,0.760854470791278,3.25
FFFF FFFF FFFF FFFF FFFF FFFF,1487237130281051,0,920.625,-57.5,0.834485548609789,-25.1875
FFFF FFFF FFFF FFFF FFFF FFFF,1487237130290645,0,920.625,-58,0.760854470791278,-12.1875
FFFF FFFF FFFF FFFF FFFF FFFF,1487237130304369,0,920.625,-57.5,0.803805932852076,-3.25
FFFF FFFF FFFF FFFF FFFF FFFF,1487237130313665,0,920.625,-58,0.846757394912874,-23.5625
FFFF FFFF FFFF FFFF FFFF FFFF,1487237130324636,0,920.625,-57.5,0.754718547639735,7.3125
FFFF FFFF FFFF FFFF FFFF FFFF,1487237130337227,0,920.625,-57.5,0.754718547639735,5.6875
FFFF FFFF FFFF FFFF FFFF FFFF,1487237130348425,0,920.625,-57.5,0.791534086548991,0
FFFF FFFF FFFF FFFF FFFF FFFF,1487237130359546,0,920.625,-57.5,0.66881562351814,14.625
FFFF FFFF FFFF FFFF FFFF FFFF,1487237130372474,0,920.625,-58,0.760854470791278,-3.25
FFFF FFFF FFFF FFFF FFFF FFFF,1487237130381901,0,920.625,-57.5,0.754718547639735,5.6875
FFFF FFFF FFFF FFFF FFFF FFFF,1487237130394896,0,920.625,-58,0.754718547639735,3.25
FFFF FFFF FFFF FFFF FFFF FFFF,1487237130402606,0,920.625,-58,0.773126317094363,0
FFFF FFFF FFFF FFFF FFFF FFFF,1487237130418047,0,920.625,-58,0.766990393942821,4.875
FFFF FFFF FFFF FFFF FFFF FFFF,1487237130429305,0,920.625,-58,0.730174855033565,14.625
FFFF FFFF FFFF FFFF FFFF FFFF,1487237130437328,0,920.625,-57,0.791534086548991,-7.3125
FFFF FFFF FFFF FFFF FFFF FFFF,1487237130451370,0,920.625,-57,0.748582624488193,-4.875
FFFF FFFF FFFF FFFF FFFF FFFF,1487237130463762,0,920.625,-57.5,0.803805932852076,-8.9375
FFFF